0001,1,http://imgs.juheapi.com/comic_xin/0fjT/dPXs%2BY=/217489/0-MjE3NDg5MA==.jpg
0001,2,http://imgs.juheapi.com/comic_xin/0fjT/dPXs%2BY=/217489/1-MjE3NDg5MQ==.jpg
0001,3,http://imgs.juheapi.com/comic_xin/0fjT/dPXs%2BY=/217489/2-MjE3NDg5Mg==.jpg
0001,4,http://imgs.juheapi.com/comic_xin/0fjT/dPXs%2BY=/217489/3-MjE3NDg5Mw==.jpg
0001,5,http://imgs.juheapi.com/comic_xin/0fjT/dPXs%2BY=/217489/4-MjE3NDg5NA==.jpg
0001,6,http://imgs.juheapi.com/comic_xin/0fjT/dPXs%2BY=/217489/5-MjE3NDg5NQ==.jpg
0001,7,http://imgs.juheapi.com/comic_xin/0fjT/dPXs%2BY=/217489/6-MjE3NDg5Ng==.jpg
0001,8,http://imgs.juheapi.com/comic_xin/0fjT/dPXs%2BY=/217489/7-MjE3NDg5Nw==.jpg
0001,9,http://imgs.juheapi.com/comic_xin/0fjT/dPXs%2BY=/217489/8-MjE3NDg5OA==.jpg
0001,10,http://imgs.juheapi.com/comic_xin/0fjT/dPXs%2BY=/217489/9-MjE3NDg5OQ==.jpg
0001,11,http://imgs.juheapi.com/comic_xin/0fjT/dPXs%2BY=/217489/10-MjE3NDg5MTA=.jpg
0001,12,http://imgs.juheapi.com/comic_xin/0fjT/dPXs%2BY=/217489/11-MjE3NDg5MTE=.jpg
0001,13,http://imgs.juheapi.com/comic_xin/0fjT/dPXs%2BY=/217489/12-MjE3NDg5MTI=.jpg
0001,14,http://imgs.juheapi.com/comic_xin/0fjT/dPXs%2BY=/217489/13-MjE3NDg5MTM=.jpg
0001,15,http://imgs.juheapi.com/comic_xin/0fjT/dPXs%2BY=/217489/14-MjE3NDg5MTQ=.jpg
0001,16,http://imgs.juheapi.com/comic_xin/0fjT/dPXs%2BY=/217489/15-MjE3NDg5MTU=.jpg
0002,1,http://imgs.juheapi.com/comic_xin/0fjT/dPXs%2BY=/240629/0-MjQwNjI5MA==.jpg
0002,2,http://imgs.juheapi.com/comic_xin/0fjT/dPXs%2BY=/240629/1-MjQwNjI5MQ==.jpg
0002,3,http://imgs.juheapi.com/comic_xin/0fjT/dPXs%2BY=/240629/2-MjQwNjI5Mg==.jpg
0002,4,http://imgs.juheapi.com/comic_xin/0fjT/dPXs%2BY=/240629/3-MjQwNjI5Mw==.jpg
0002,5,http://imgs.juheapi.com/comic_xin/0fjT/dPXs%2BY=/240629/4-MjQwNjI5NA==.jpg
0002,6,http://imgs.juheapi.com/comic_xin/0fjT/dPXs%2BY=/240629/5-MjQwNjI5NQ==.jpg
0002,7,http://imgs.juheapi.com/comic_xin/0fjT/dPXs%2BY=/240629/6-MjQwNjI5Ng==.jpg
0002,8,http://imgs.juheapi.com/comic_xin/0fjT/dPXs%2BY=/240629/7-MjQwNjI5Nw==.jpg
0003,1,http://imgs.juheapi.com/comic_xin/0fjT/dPXs%2BY=/248518/0-MjQ4NTE4MA==.jpg
0003,2,http://imgs.juheapi.com/comic_xin/0fjT/dPXs%2BY=/248518/1-MjQ4NTE4MQ==.jpg
0003,3,http://imgs.juheapi.com/comic_xin/0fjT/dPXs%2BY=/248518/2-MjQ4NTE4Mg==.jpg
0003,4,http://imgs.juheapi.com/comic_xin/0fjT/dPXs%2BY=/248518/3-MjQ4NTE4Mw==.jpg
0003,5,http://imgs.juheapi.com/comic_xin/0fjT/dPXs%2BY=/248518/4-MjQ4NTE4NA==.jpg
0003,6,http://imgs.juheapi.com/comic_xin/0fjT/dPXs%2BY=/248518/5-MjQ4NTE4NQ==.jpg
0003,7,http://imgs.juheapi.com/comic_xin/0fjT/dPXs%2BY=/248518/6-MjQ4NTE4Ng==.jpg
0003,8,http://imgs.juheapi.com/comic_xin/0fjT/dPXs%2BY=/248518/7-MjQ4NTE4Nw==.jpg
0004,1,http://imgs.juheapi.com/comic_xin/0fjT/dPXs%2BY=/265556/0-MjY1NTU2MA==.jpg
0004,2,http://imgs.juheapi.com/comic_xin/0fjT/dPXs%2BY=/265556/1-MjY1NTU2MQ==.jpg
0004,3,http://imgs.juheapi.com/comic_xin/0fjT/dPXs%2BY=/265556/2-MjY1NTU2Mg==.jpg
0004,4,http://imgs.juheapi.com/comic_xin/0fjT/dPXs%2BY=/265556/3-MjY1NTU2Mw==.jpg
0004,5,http://imgs.juheapi.com/comic_xin/0fjT/dPXs%2BY=/265556/4-MjY1NTU2NA==.jpg
0004,6,http://imgs.juheapi.com/comic_xin/0fjT/dPXs%2BY=/265556/5-MjY1NTU2NQ==.jpg
0004,7,http://imgs.juheapi.com/comic_xin/0fjT/dPXs%2BY=/265556/6-MjY1NTU2Ng==.jpg
0004,8,http://imgs.juheapi.com/comic_xin/0fjT/dPXs%2BY=/265556/7-MjY1NTU2Nw==.jpg
0005,1,http://imgs.juheapi.com/comic_xin/0fjT/dPXs%2BY=/265616/0-MjY1NjE2MA==.jpg
0005,2,http://imgs.juheapi.com/comic_xin/0fjT/dPXs%2BY=/265616/1-MjY1NjE2MQ==.jpg
0005,3,http://imgs.juheapi.com/comic_xin/0fjT/dPXs%2BY=/265616/2-MjY1NjE2Mg==.jpg
0005,4,http://imgs.juheapi.com/comic_xin/0fjT/dPXs%2BY=/265616/3-MjY1NjE2Mw==.jpg
0005,5,http://imgs.juheapi.com/comic_xin/0fjT/dPXs%2BY=/265616/4-MjY1NjE2NA==.jpg
0005,6,http://imgs.juheapi.com/comic_xin/0fjT/dPXs%2BY=/265616/5-MjY1NjE2NQ==.jpg
0005,7,http://imgs.juheapi.com/comic_xin/0fjT/dPXs%2BY=/265616/6-MjY1NjE2Ng==.jpg
0005,8,http://imgs.juheapi.com/comic_xin/0fjT/dPXs%2BY=/265616/7-MjY1NjE2Nw==.jpg
0006,1,http://imgs.juheapi.com/comic_xin/0fjT/dPXs%2BY=/265617/0-MjY1NjE3MA==.jpg
0006,2,http://imgs.juheapi.com/comic_xin/0fjT/dPXs%2BY=/265617/1-MjY1NjE3MQ==.jpg
0006,3,http://imgs.juheapi.com/comic_xin/0fjT/dPXs%2BY=/265617/2-MjY1NjE3Mg==.jpg
0006,4,http://imgs.juheapi.com/comic_xin/0fjT/dPXs%2BY=/265617/3-MjY1NjE3Mw==.jpg
0006,5,http://imgs.juheapi.com/comic_xin/0fjT/dPXs%2BY=/265617/4-MjY1NjE3NA==.jpg
0006,6,http://imgs.juheapi.com/comic_xin/0fjT/dPXs%2BY=/265617/5-MjY1NjE3NQ==.jpg
0006,7,http://imgs.juheapi.com/comic_xin/0fjT/dPXs%2BY=/265617/6-MjY1NjE3Ng==.jpg
0006,8,http://imgs.juheapi.com/comic_xin/0fjT/dPXs%2BY=/265617/7-MjY1NjE3Nw==.jpg
