0001,1,http://imgs.juheapi.com/comic_xin/0rvJwdK7ycHBwb6nvqc=/259483/0-MjU5NDgzMA==.jpg
0001,2,http://imgs.juheapi.com/comic_xin/0rvJwdK7ycHBwb6nvqc=/259483/1-MjU5NDgzMQ==.jpg
0001,3,http://imgs.juheapi.com/comic_xin/0rvJwdK7ycHBwb6nvqc=/259483/2-MjU5NDgzMg==.jpg
0001,4,http://imgs.juheapi.com/comic_xin/0rvJwdK7ycHBwb6nvqc=/259483/3-MjU5NDgzMw==.jpg
0001,5,http://imgs.juheapi.com/comic_xin/0rvJwdK7ycHBwb6nvqc=/259483/4-MjU5NDgzNA==.jpg
0001,6,http://imgs.juheapi.com/comic_xin/0rvJwdK7ycHBwb6nvqc=/259483/5-MjU5NDgzNQ==.jpg
0001,7,http://imgs.juheapi.com/comic_xin/0rvJwdK7ycHBwb6nvqc=/259483/6-MjU5NDgzNg==.jpg
0001,8,http://imgs.juheapi.com/comic_xin/0rvJwdK7ycHBwb6nvqc=/259483/7-MjU5NDgzNw==.jpg
0001,9,http://imgs.juheapi.com/comic_xin/0rvJwdK7ycHBwb6nvqc=/259483/8-MjU5NDgzOA==.jpg
0001,10,http://imgs.juheapi.com/comic_xin/0rvJwdK7ycHBwb6nvqc=/259483/9-MjU5NDgzOQ==.jpg
0001,11,http://imgs.juheapi.com/comic_xin/0rvJwdK7ycHBwb6nvqc=/259483/10-MjU5NDgzMTA=.jpg
0001,12,http://imgs.juheapi.com/comic_xin/0rvJwdK7ycHBwb6nvqc=/259483/11-MjU5NDgzMTE=.jpg
0001,13,http://imgs.juheapi.com/comic_xin/0rvJwdK7ycHBwb6nvqc=/259483/12-MjU5NDgzMTI=.jpg
0001,14,http://imgs.juheapi.com/comic_xin/0rvJwdK7ycHBwb6nvqc=/259483/13-MjU5NDgzMTM=.jpg
0001,15,http://imgs.juheapi.com/comic_xin/0rvJwdK7ycHBwb6nvqc=/259483/14-MjU5NDgzMTQ=.jpg
0001,16,http://imgs.juheapi.com/comic_xin/0rvJwdK7ycHBwb6nvqc=/259483/15-MjU5NDgzMTU=.jpg
0001,17,http://imgs.juheapi.com/comic_xin/0rvJwdK7ycHBwb6nvqc=/259483/16-MjU5NDgzMTY=.jpg
0001,18,http://imgs.juheapi.com/comic_xin/0rvJwdK7ycHBwb6nvqc=/259483/17-MjU5NDgzMTc=.jpg
0001,19,http://imgs.juheapi.com/comic_xin/0rvJwdK7ycHBwb6nvqc=/259483/18-MjU5NDgzMTg=.jpg
